Framework,Category,GitHub Stars,GitHub URL,Funding,Primary Language,All Languages,MCP Support,A2A Support,Function Calling,Multimodal,Voice/Realtime,Production Ready,Risk Level,Setup Time (min),Best Use Cases,Known Limitations,Documentation URL,Last Updated
LangChain,Core Orchestration,122488,https://github.com/langchain-ai/langchain,$125M Series B (Unicorn),Python,"Python, JavaScript",Yes,Yes,Yes,Yes,No,Yes,Low,10,"General orchestration, RAG, prototyping, chatbots","Over-engineered for simple tasks, API churn, abstraction complexity",https://python.langchain.com,2025-12-23
LangGraph,Core Orchestration,22446,https://github.com/langchain-ai/langgraph,LangChain,Python,"Python, JavaScript",Yes,Yes,Yes,Yes,No,Yes,Low,15,"Stateful multi-agent, complex workflows, cycles/loops","Steeper learning curve than LangChain, requires graph thinking",https://langchain-ai.github.io/langgraph,2025-12-22
LangSmith,Observability,N/A,N/A,LangChain,SaaS,SaaS,N/A,N/A,N/A,N/A,N/A,Yes,Low,5,"Tracing, evaluation, monitoring, prompt management","Paid tiers can be expensive, some lock-in concerns",https://docs.smith.langchain.com,2025-12-23
Semantic Kernel,Core Orchestration,26898,https://github.com/microsoft/semantic-kernel,Microsoft,C#,"C#, Python, Java",Yes,Partial,Yes,Yes,No,Yes,Low,15,"Enterprise .NET, Microsoft ecosystem, Copilot extensions","Azure-centric, .NET bias, less community content",https://learn.microsoft.com/semantic-kernel,2025-12-23
Google ADK,Core Orchestration,16635,https://github.com/google/adk-python,Google,Python,"Python, TypeScript, Go, Java",Yes,Yes,Yes,Yes,Yes,Yes,Low,10,"Google Cloud, Gemini models, multi-agent systems","Early stage, Google ecosystem bias, over-abstraction",https://google.github.io/adk-docs,2025-12-22
OpenAI Agents SDK,Core Orchestration,N/A,https://github.com/openai/openai-agents-python,OpenAI,Python,"Python, TypeScript",Yes,Partial,Yes,Yes,Yes,Yes,Low,5,"OpenAI-native development, guardrails, sessions","OpenAI lock-in, limited model flexibility",https://openai.github.io/openai-agents-python,2025-12-23
CrewAI,Multi-Agent,41677,https://github.com/crewAIInc/crewAI,Undisclosed,Python,Python,Yes,Yes,Yes,Yes,No,Yes,Medium,15,"Role-based teams, multi-agent collaboration, workflows","Higher learning curve, model compatibility issues",https://docs.crewai.com,2025-12-23
AutoGen,Multi-Agent,52767,https://github.com/microsoft/autogen,Microsoft Research,Python,Python,Partial,Partial,Yes,Yes,No,Experimental,Medium,10,"Research, multi-agent conversation, code execution","Fork drama (AG2), experimental status, complex docs",https://microsoft.github.io/autogen,2025-10-08
AG2,Multi-Agent,N/A,https://github.com/ag2ai/ag2,Community Fork,Python,Python,Partial,Partial,Yes,Yes,No,Growing,Medium,10,"Community-driven AutoGen fork, AgentOS vision","Split community, uncertain long-term maintenance",https://ag2.ai,2025-12-23
Agno,Multi-Agent,36266,https://github.com/agno-agi/agno,Undisclosed,Python,Python,No,No,Yes,Yes,No,Yes,Medium,5,"Fast multi-agent, Teams, Workflows, AgentOS","No MCP/A2A yet, undisclosed funding",https://docs.agno.com,2025-12-23
Letta,Multi-Agent,20173,https://github.com/letta-ai/letta,$10M Seed,Python,"Python, TypeScript",No,No,Yes,No,No,Growing,Medium,10,"Persistent memory agents, self-improving agents","Complex for simple use cases, smaller community",https://docs.letta.com,2025-12-18
LlamaIndex,RAG & Data,45970,https://github.com/run-llama/llama_index,VC-backed,Python,Python,Partial,No,Yes,Yes,No,Yes,Low,10,"Data ingestion, RAG, knowledge graphs, 160+ connectors","Overkill for simple RAG, abstraction overhead",https://docs.llamaindex.ai,2025-12-22
Haystack,RAG & Data,23704,https://github.com/deepset-ai/haystack,$18M Series A,Python,Python,Partial,No,Yes,No,No,Yes,Low,15,"Enterprise RAG, document QA, production pipelines","RAG-focused only, less flexible for general agents",https://docs.haystack.deepset.ai,2025-12-22
PydanticAI,Lightweight,13928,https://github.com/pydantic/pydantic-ai,Pydantic team,Python,Python,Yes,Yes,Yes,Yes,No,Growing,Medium,5,"Type-safe agents, Pydantic validation, structured output","Newer framework, smaller community, fewer integrations",https://ai.pydantic.dev,2025-12-23
DSPy,Lightweight,30971,https://github.com/stanfordnlp/dspy,Stanford NLP,Python,Python,No,No,Yes,No,No,Research,High,10,"Prompt optimization, programmatic LLM control","Academic focus, steep learning curve, less observable",https://dspy.ai,2025-12-23
Smolagents,Lightweight,24500,https://github.com/huggingface/smolagents,Hugging Face,Python,Python,Yes,No,Yes,Yes,No,Growing,Medium,5,"Lightweight agents, code execution, HuggingFace ecosystem","Security concerns with code execution, smaller ecosystem",https://huggingface.co/docs/smolagents,2025-12-23
Mastra,Lightweight,18952,https://github.com/mastra-ai/mastra,Undisclosed,TypeScript,TypeScript,Yes,No,Yes,Yes,No,Growing,High,10,"Full-stack TypeScript, workflows, MCP authoring","Not true OSS license, new framework, TS-only",https://mastra.ai/docs,2025-12-23
VoltAgent,Lightweight,4300,https://github.com/VoltAgent/voltagent,Undisclosed,TypeScript,TypeScript,Yes,No,Yes,No,No,Early,High,10,"TypeScript agents, built-in observability","Very new, small community, limited integrations",https://voltagent.dev,2025-12-23
Genkit,Lightweight,5200,https://github.com/firebase/genkit,Google,TypeScript,"TypeScript, Go, Python (Alpha)",No,No,Yes,Yes,No,Yes,Low,10,"Firebase apps, simple AI features, flows","Less powerful than ADK, Firebase-centric",https://genkit.dev,2025-12-23
Instructor,Utility,12000,https://github.com/instructor-ai/instructor,Undisclosed,Python,"Python, TypeScript, Ruby, Go, Elixir, Rust",No,No,Yes,No,No,Yes,Low,5,"Structured extraction, Pydantic validation, retries","Not a full agent framework, extraction focus",https://python.useinstructor.com,2025-12-23
Outlines,Utility,13100,https://github.com/dottxt-ai/outlines,dottxt,Python,Python,No,No,Yes,No,No,Yes,Low,5,"Constrained generation, guaranteed JSON, regex output","Not an agent framework, generation control only",https://dottxt-ai.github.io/outlines,2025-12-23
Guidance,Utility,21000,https://github.com/guidance-ai/guidance,Microsoft,Python,Python,No,No,Yes,No,No,Yes,Low,10,"Output control, constrained generation, token efficiency","Not an orchestration framework, prompt control only",https://github.com/guidance-ai/guidance,2025-12-23
Marvin,Utility,6000,https://github.com/prefecthq/marvin,Prefect,Python,Python,No,No,Yes,No,No,Growing,Medium,5,"AI functions (cast/classify/extract), ambient AI","Merged ControlFlow, less agent-focused",https://askmarvin.ai,2025-12-23
AWS Bedrock Agents,Cloud Platform,N/A,N/A,AWS,Managed,Managed,No,No,Yes,Yes,No,Yes,Low,15,"AWS-native, managed agents, RAG, code interpretation","AWS lock-in, less customization than SDKs",https://aws.amazon.com/bedrock/agents,2025-12-23
AWS Strands SDK,Cloud Platform,4700,https://github.com/strands-agents/sdk-python,AWS,Python,Python,Yes,No,Yes,Yes,Yes,Growing,Medium,10,"AWS ecosystem, model-driven agents, MCP support","Newer SDK, smaller community than Bedrock Agents",https://strandsagents.com,2025-12-23
Azure AI Foundry,Cloud Platform,N/A,N/A,Microsoft,Managed,Managed,Yes,No,Yes,Yes,No,Yes,Low,15,"Azure-native, enterprise agents, AutoGen+SK combined","Azure lock-in, enterprise pricing",https://learn.microsoft.com/azure/ai-services/agents,2025-12-23
Vertex AI Agents,Cloud Platform,N/A,N/A,Google,Managed,Managed,Yes,Yes,Yes,Yes,Yes,Yes,Low,15,"GCP-native, Agent Engine, A2A support, Gemini","GCP lock-in, enterprise pricing",https://cloud.google.com/vertex-ai/docs/agents,2025-12-23
LangFlow,Visual/Low-Code,50000,https://github.com/langflow-ai/langflow,LangChain,Visual,"Python, Visual",Yes,No,Yes,Yes,No,Yes,Low,10,"Visual prototyping, drag-and-drop, LangChain export","Complex logic gets cluttered, harder to version control",https://langflow.org,2025-12-23
n8n AI Agents,Visual/Low-Code,N/A,https://github.com/n8n-io/n8n,Commercial,Visual,Visual,No,No,Yes,No,No,Yes,Low,10,"Workflow automation, 500+ integrations, business users","Manual LLM state handling, not agent-first",https://docs.n8n.io/advanced-ai,2025-12-23
SuperAGI,Visual/Low-Code,17000,https://github.com/TransformerOptimus/SuperAGI,Undisclosed,Python,"Python, GUI",No,No,Yes,No,No,Growing,Medium,15,"GUI agent management, toolkit marketplace, Docker deploy","Smaller community, less mature than alternatives",https://superagi.com/docs,2025-12-23
Lindy,Visual/Low-Code,N/A,N/A,Commercial,No-code,No-code,No,No,Yes,Yes,Yes,Yes,Low,5,"Business automation, non-technical users, AI employees","Commercial only, less customization",https://lindy.ai,2025-12-23
Aider,Coding Agent,39100,https://github.com/Aider-AI/aider,Undisclosed,Python,Python,No,No,Yes,Yes,No,Yes,Low,5,"Terminal pair programming, Git integration, multi-model","Terminal-only, requires Git workflow",https://aider.chat,2025-12-23
OpenHands,Coding Agent,65900,https://github.com/All-Hands-AI/OpenHands,Undisclosed,Python,Python,No,No,Yes,Yes,No,Yes,Low,15,"Full dev platform, IDE experience, enterprise option","Resource intensive, complex setup for enterprise",https://docs.all-hands.dev,2025-12-23
MCP (Protocol),Protocol,N/A,https://github.com/modelcontextprotocol,Anthropic,Protocol,All,Yes,N/A,N/A,N/A,N/A,Standard,Low,N/A,"Agent-to-tool connection, resource access, prompts","Not an agent framework, protocol only",https://modelcontextprotocol.io,2025-12-23
A2A (Protocol),Protocol,21200,https://github.com/google/A2A,Linux Foundation (ex-Google),Protocol,All,N/A,Yes,N/A,N/A,N/A,Standard,Low,N/A,"Agent-to-agent communication, task delegation","Newer protocol, adoption still growing",https://a2a-protocol.org,2025-12-23
Ray (for Agents),Infrastructure,35000,https://github.com/ray-project/ray,Anyscale,Python,Python,No,No,N/A,N/A,N/A,Yes,Low,30,"Distributed agent execution, scaling, GPU scheduling","Not an agent framework, infrastructure only",https://docs.ray.io,2025-12-23
ZenML,Infrastructure,N/A,https://github.com/zenml-io/zenml,VC-backed,Python,Python,No,No,N/A,N/A,N/A,Yes,Low,20,"MLOps/LLMOps pipelines, agent orchestration, governance","Overkill for simple agents, MLOps focus",https://docs.zenml.io,2025-12-23
Salesforce Agentforce,Enterprise Platform,N/A,N/A,Salesforce,Commercial,Commercial,No,No,Yes,No,Yes,Yes,Low,N/A,"Enterprise CRM, sales/service agents, Salesforce ecosystem","Salesforce lock-in, enterprise pricing",https://salesforce.com/agentforce,2025-12-23
LiveKit Agents,Voice/Realtime,N/A,https://github.com/livekit/agents,LiveKit,Python,Python,No,No,Yes,Yes,Yes,Yes,Low,15,"Real-time voice/video, WebRTC, STT/TTS","Specialized for realtime only, not general agents",https://docs.livekit.io/agents,2025-12-23
CAMEL-AI,Research,N/A,https://github.com/camel-ai/camel,Academic,Python,Python,No,No,Yes,No,No,Research,High,15,"Multi-agent societies, role-playing, research","Academic focus, not production-ready",https://camel-ai.org,2025-12-23
BrowserUse,Browser Automation,74100,https://github.com/browser-use/browser-use,VC-Backed (Browser Use Inc),Python,Python,Yes,No,Yes,Yes,No,Yes,Low,10,"Web automation, form filling, e-commerce automation, scraping","Chrome memory intensive, requires browser infrastructure at scale",https://docs.browser-use.com,2025-12-23
Langroid,Multi-Agent,3800,https://github.com/langroid/langroid,Independent (CMU/UW-Madison),Python,Python,Yes,No,Yes,Yes,No,Yes,Low,15,"Multi-agent RAG, complex reasoning, SQL/document chat","Primarily async patterns, limited non-OpenAI testing",https://langroid.github.io/langroid,2025-12-23
ControlFlow,Workflow Orchestration,1400,https://github.com/PrefectHQ/ControlFlow,Prefect (VC-Backed),Python,Python,No,No,Yes,No,No,Archived,High,10,"Task-centric AI workflows, structured output generation","ARCHIVED - Merged into Marvin, no longer maintained",https://controlflow.ai,2025-12-23
BeeAI Framework,Enterprise Multi-Agent,3000,https://github.com/i-am-bee/beeai-framework,IBM (Linux Foundation),Python,"Python, TypeScript",Yes,Yes,Yes,Yes,No,Yes,Low,15,"Enterprise multi-agent, production AI workflows, constraint-enforced agents","Newer framework, enterprise-focused documentation",https://framework.beeai.dev,2025-12-23
Julep,Stateful Agents,6600,https://github.com/julep-ai/julep,VC-Backed Startup,Python,"Python, Node.js/TypeScript",No,No,Yes,Yes,No,Growing,Medium,20,"Stateful AI agents with memory, long-running workflows, session-based apps","Cloud-first architecture, self-hosting complexity",https://docs.julep.ai,2025-12-23
Burr,State Machine,1900,https://github.com/apache/burr,Apache Foundation (DAGWorks),Python,Python,No,No,Yes,Yes,No,Yes,Low,10,"State machine agents, chatbots, simulations, decision-making apps","Python-only, limited cloud deployment options",https://burr.apache.org,2025-12-23
